,id
0,ns8168
1,as5312
2,as7644
3,as7249
4,as2553
5,ns7296
6,ds199
7,hs1007
8,ns7987
9,as8275
10,hs1796
11,ns7160
12,ns7654
13,ns4287
14,ns8272
15,as1095
16,as2912
17,as806
18,hs1237
19,as5968
20,hs2831
21,as1181
22,hs2976
23,as1113
24,ns1227
25,ns7676
26,ns1802
27,ns4579
28,ds1175
29,ns1252
30,hs2448
31,hs3032
32,ds868
33,ns6265
34,ns5176
35,as7672
36,as2593
37,ns3200
38,as1897
39,ds188
40,as5151
41,ns993
42,as8467
43,ns7435
44,as820
45,hs2821
46,ns7395
47,as1860
48,ns6707
49,as1497
50,as707
51,ns832
52,as289
53,as649
54,as5718
55,as848
56,ns1800
57,as3329
58,as6812
59,ns7299
60,ns8224
61,as3684
62,ns179
63,hs822
64,ns2188
65,hs922
66,ns4315
67,hs1015
68,ns4292
69,ds1362
70,ns4381
71,ns4187
72,ns1138
73,ns6002
74,ns7518
75,ds1327
76,hs185
77,ns5273
78,as5994
79,as3563
80,ns4226
81,ns852
82,hs108
83,as1793
84,ns4671
85,hs1167
86,ns86
87,ns3650
88,as7207
89,ns2600
90,ns8594
91,ns366
92,hs2657
93,as1788
94,ns7877
95,as4830
96,as1268
97,ds365
98,ns2791
99,ns52
100,ns7890
101,ns5112
102,hs2286
103,ds290
104,as7573
105,ns7703
106,as8759
107,ns2939
108,ns232
109,as1954
110,ds838
111,as211
112,as246
113,as2829
114,as8378
115,as5650
116,as2878
117,as8862
118,hs2172
119,hs1511
120,as8659
121,hs2329
122,ns33
123,as8419
124,ns3434
125,ns3324
126,ns6638
127,as2954
128,ns2501
129,ds635
130,hs722
131,as6460
132,as6948
133,ns5045
134,ns2891
135,ns8799
136,as9555
137,as6416
138,as2346
139,hs3067
140,as9627
141,ds330
142,as3218
143,ds1439
144,as6338
145,as3630
146,ns8054
147,ns5752
148,ds1194
149,ns2515
150,ds685
151,ns7173
152,as2516
153,ns3684
154,as3874
155,ns6496
156,as7579
157,as6593
158,ns617
159,as8984
160,ns1777
161,hs2815
162,ns6369
163,ns2316
164,hs79
165,ns482
166,as2486
167,as4197
168,hs2381
169,hs450
170,as1257
171,as3989
172,hs262
173,ns3620
174,as6916
175,hs348
176,ns2695
177,hs2180
178,as3333
179,as5939
180,as7466
181,hs2753
182,ns2366
183,hs2299
184,hs2764
185,as2998
186,ds296
187,ds899
188,ns1548
189,as6350
190,as2270
191,as8829
192,as97
193,ns5966
194,ns4408
195,ns4438
196,as5451
197,ns1872
198,ns4461
199,ns6446
200,ds1014
201,as3575
202,as6212
203,as9119
204,ns6007
205,ns883
206,ns5083
207,ds584
208,ns8753
209,ns6126
210,as1972
211,as2636
212,as4628
213,ns8777
214,ns413
215,ds1396
216,ns3987
217,as8355
218,ns1634
219,ns7030
220,ds1130
221,as6766
222,ns1999
223,ns5489
224,as6326
225,as2828
226,ns4152
227,as87
228,ns5470
229,as671
230,ns6650
231,ns2794
232,ds1292
233,as5259
234,ns6073
235,ns6074
236,ds506
237,as1360
238,ds1436
239,as5056
240,as204
241,ns2792
242,as9572
243,ns5860
244,as7409
245,ns5157
246,hs466
247,ns5797
248,as4061
249,ns6075
250,as7270
251,as1351
252,ns3685
253,ns6114
254,as4546
255,ns4373
256,as2970
257,ns4371
258,as879
259,as4609
260,ns4277
261,ns6683
262,ns7347
263,as2623
264,ns3541
265,hs2205
266,as5583
267,ns3977
268,as843
269,as8340
270,as1637
271,as8836
272,as8902
273,ns7751
274,hs2041
275,ns4969
276,as9377
277,as1962
278,as9366
279,ns4938
280,ns6218
281,hs2741
282,ns6257
283,ns6522
284,as4786
285,ns3066
286,hs1032
287,as7647
288,as907
289,hs1230
290,ns3127
291,hs1519
292,ds1289
293,ns197
294,as3683
295,ns1566
296,ns8545
297,ns1217
298,ns959
299,hs852
300,ns2241
301,ns1840
302,as6078
303,ns8662
304,ns1197
305,ns1832
306,as3393
307,as3439
308,ns977
309,ns954
310,as6242
311,as7070
312,ns8442
313,as6238
314,as1176
315,as6424
316,as465
317,as8967
318,ns1860
319,as3067
320,ns7601
321,ns1896
322,ns8565
323,as9009
324,ns8554
325,as3174
326,ns3171
327,ns4507
328,as9334
329,hs2725
330,ns4790
331,as6085
332,hs273
333,as6236
334,ns6397
335,ns2835
336,ds768
337,hs1042
338,ns3011
339,as1880
340,ns8685
341,ns4931
342,as190
343,hs2990
344,hs214
345,ns1959
346,as1512
347,as4500
348,hs1845
349,ns8472
350,as1679
351,ns3419
352,ns3442
353,hs1867
354,ns3913
355,ns7359
356,as1643
357,ns7026
358,hs2231
359,ns3512
360,as3803
361,ns7231
362,hs2161
363,ns2140
364,ns4018
365,as8488
366,hs2578
367,ns410
368,as8751
369,as9433
370,as4585
371,as7729
372,ns3204
373,hs2551
374,ns8518
375,ns671
376,as8691
377,ns4207
378,hs841
379,as4556
380,hs1656
381,hs902
382,as8632
383,hs1686
384,as863
385,as3558
386,as8149
387,hs536
388,hs648
389,ds1411
390,ns2703
391,ns1510
392,as3941
393,ds1092
394,ns253
395,ns5990
396,as3299
397,ns5509
398,ns884
399,as3565
400,ns2747
401,as5222
402,as4068
403,ns5498
404,ns5545
405,ns5340
406,as218
407,ds1335
408,ns2487
409,ns5587
410,hs1347
411,as1441
412,as9654
413,hs2536
414,as8884
415,ns3244
416,as8680
417,ns5468
418,ns6734
419,ns6540
420,ns3256
421,ns6747
422,ns2266
423,as5826
424,ns1191
425,ns6773
426,ns7583
427,hs1476
428,ds219
429,hs2610
430,as2006
431,as77
432,ns8529
433,hs1456
434,ds256
435,hs1531
436,ns7564
437,as3056
438,ns5827
439,ns818
440,as9469
441,ns412
442,ns6775
443,ds1387
444,as8382
445,ns2054
446,as8059
447,as4458
448,as6914
449,ns3493
450,as3968
451,ns2166
452,as5073
453,ns2073
454,as2919
455,as1621
456,as3791
457,as2836
458,as2838
459,as812
460,ns3573
461,as4468
462,as3983
463,as5043
464,as2951
465,ds1401
466,ns3321
467,ns1609
468,as1254
469,ns1870
470,as4538
471,as79
472,ns41
473,as1506
474,hs1772
475,as5582
476,hs1822
477,hs183
478,ns3391
479,ns1653
480,as6103
481,ns3984
482,ns5900
483,as3037
484,as9207
485,as4933
486,hs2847
487,ns6315
488,ns2929
489,as9196
490,hs724
491,ns4757
492,as7098
493,as9562
494,as1398
495,as5915
496,hs1017
497,as9131
498,as9101
499,hs1050
500,ns8189
501,ns4787
502,ns2368
503,ns4842
504,ns7841
505,as2002
506,hs678
507,ds633
508,ns5019
509,ds744
510,ns2765
511,hs3003
512,ns4909
513,ns823
514,ns494
515,ds57
516,ns1431
517,as2371
518,as6507
519,as9037
520,as1418
521,ns7262
522,ns1859
523,ns4541
524,ns8275
525,as2077
526,hs1248
527,as4661
528,as8989
529,as4170
530,ns6439
531,ds1384
532,as2440
533,hs1960
534,as5462
535,ns1077
536,ns859
537,ds1203
538,ns1904
539,ns4601
540,ns6026
541,ns1915
542,as8359
543,ns5335
544,ns6582
545,ds788
546,ns1106
547,ns985
548,as2763
549,ds1392
550,as3613
551,ns981
552,as5131
553,ns6985
554,as1046
555,as6756
556,as9398
557,hs1318
558,ds285
559,ns5642
560,as6827
561,as3641
562,ns7210
563,as6791
564,ds124
565,hs2071
566,as1602
567,ds599
568,as1050
569,as8260
570,as9481
571,hs2033
572,as2406
573,ns4482
574,ns6101
575,ns3777
576,ns3790
577,ns7068
578,as8328
579,ns7050
580,hs1988
581,ns5065
582,ns1429
583,ns6241
584,as1118
585,as9330
586,as2703
587,ns5400
588,ns4149
589,hs168
590,as362
591,ns4180
592,ds1119
593,ns8637
594,ns6743
595,as3621
596,ds11
597,ns515
598,ns1704
599,ds169
600,ns6710
601,as9089
602,as4720
603,hs164
604,ns5478
605,as1034
606,ds152
607,hs1625
608,ns958
609,ns4246
610,ds1060
611,ns6349
612,ns4753
613,ns1672
614,as8799
615,ns8485
616,ns4633
617,ns5283
618,as559
619,as3568
620,as4967
621,as377
622,ns1820
623,as5347
624,ds922
625,as9525
626,as1703
627,ns5957
628,as2217
629,as8491
630,as2732
631,as4999
632,ns4522
633,ns5940
634,as8934
635,ds1137
636,ns411
637,as5366
638,as4772
639,ns1310
640,as7158
641,hs2278
642,hs2962
643,hs2193
644,hs2495
645,hs2511
646,ns7688
647,as2908
648,as3055
649,ns7674
650,hs978
651,ns8205
652,as152
653,ns7408
654,ns7870
655,as7473
656,as8002
657,as3890
658,as1527
659,hs2702
660,as4191
661,as586
662,as7259
663,as5740
664,ns7838
665,ns2301
666,hs2243
667,ns7633
668,as7678
669,ns7616
670,ns8301
671,as3273
672,as2960
673,as736
674,as8158
675,as7028
676,as4144
677,ns7971
678,as7359
679,ns2989
680,as3133
681,as3134
682,as3108
683,ns2701
684,as7908
685,as310
686,hs2376
687,hs2428
688,as8120
689,as7666
690,as7372
691,hs775
692,ns7503
693,hs2540
694,ns6087
695,as8650
696,ns2395
697,as4937
698,hs1690
699,as1353
700,ns6632
701,ns3155
702,as8787
703,ds552
704,as1988
705,ns6792
706,as4212
707,ns6090
708,as3330
709,as4949
710,as318
711,as6973
712,as8813
713,ds620
714,ns5163
715,ns6783
716,as8725
717,as2039
718,ns8519
719,hs3024
720,ns6678
721,as6722
722,hs3073
723,ns4164
724,ns1721
725,hs2596
726,ns3223
727,ds956
728,ns2729
729,ns788
730,as8777
731,as1484
732,ns607
733,ns5097
734,as1337
735,ns6804
736,as180
737,hs1389
738,as3083
739,ns6426
740,as9325
741,as3697
742,ns6417
743,as1073
744,hs782
745,as6209
746,as479
747,ds910
748,ns4830
749,ns4821
750,ns8711
751,as5923
752,ns303
753,hs1106
754,ns1830
755,hs2775
756,ns7737
757,as3691
758,hs1030
759,as1084
760,as9155
761,as7026
762,as2512
763,as538
764,ds933
765,as2498
766,ds96
767,as308
768,as9333
769,hs2951
770,ns6541
771,as1446
772,ns8229
773,ns6132
774,ns4399
775,as1443
776,ns3122
777,ns4401
778,ns6553
779,as8894
780,ds763
781,as6272
782,hs1365
783,hs2978
784,as7074
785,ds865
786,ns6526
787,as5304
788,as895
789,as3354
790,ds815
791,as1952
792,hs1304
793,ns7810
794,as9360
795,as7621
796,ns284
797,as936
798,ns7666
799,ns3339
800,ns6327
801,ns5215
802,hs1858
803,as1291
804,as1553
805,as504
806,ns2586
807,as5638
808,ns7336
809,ns3513
810,as8067
811,ns3810
812,ns5486
813,ns5457
814,ns6992
815,hs364
816,ns5450
817,ns545
818,hs937
819,as2251
820,as8371
821,as3230
822,ns5426
823,as5751
824,as984
825,ns1667
826,as227
827,as4473
828,as974
829,hs1896
830,as968
831,ns3954
832,as1159
833,ns3788
834,ns5780
835,ns5559
836,hs2166
837,as6830
838,ns7250
839,ns247
840,ds13
841,ns163
842,ns2465
843,ns3641
844,ns556
845,as6145
846,ns2124
847,ns2157
848,as4393
849,ns5552
850,as6891
851,ds1218
852,as6313
853,as3806
854,ds1378
855,as1260
856,as7137
857,as3298
858,as8104
859,as8273
860,ns2091
861,as2825
862,as2218
863,as828
864,ns6907
865,as8349
866,hs1790
867,ns7996
868,as7351
869,as6946
870,as2971
871,as7344
872,ns5230
873,as6372
874,as4982
875,as4048
876,hs1842
877,as1713
878,ns3380
879,hs2328
880,as558
881,as9628
882,ns8014
883,ns6897
884,as7943
885,ns5949
886,as2330
887,as1026
888,ns4065
889,ns5917
22377,as7710
22378,ns2135
22379,ns2134
22380,hs1124
22381,as1330
22382,hs1138
22383,ns962
22384,as5904
22385,as4803
22386,ns4515
22387,as9454
22388,hs2223
22389,ds875
22390,as1930
22391,ns4477
22392,as6448
22393,as3411
22394,ns6258
22395,as4335
22396,as5233
22397,ns2187
22398,ns8146
22399,ns6780
22400,as5852
22401,ns6270
22402,as5490
22403,as9509
22404,ns3125
22405,as6246
22406,as6441
22407,as5857
22408,as5209
22409,ns4047
22410,hs1273
22411,as6899
22412,ns6717
22413,as7295
22414,as4601
22415,ns6341
22416,as7264
22417,as4445
22418,as1083
22419,hs1512
22420,as8995
22421,ns8001
22422,hs1524
22423,as7215
22424,ns1574
22425,ns3384
22426,as7042
22427,ns3364
22428,as9182
22429,hs1616
22430,as9032
22431,hs1657
22432,as9154
22433,ns354
22434,hs1832
22435,as4533
22436,as4530
22437,as2083
22438,as9088
22439,as6056
22440,as4511
22441,ns7988
22442,ns7110
22443,hs502
22444,hs794
22445,ns7056
22446,hs2121
22447,as2999
22448,as8854
22449,ns4545
22450,as7477
22451,ns2063
22452,as5932
22453,as8874
22454,hs1257
22455,hs505
22456,as5937
22457,ns8112
22458,as9355
22459,as2280
22460,ns3648
22461,ns2035
22462,ns1473
22463,as9322
22464,as2296
22465,as345
22466,as696
22467,as6965
22468,hs711
22469,ns7974
22470,ns7976
22471,ns4644
22472,ns7981
22473,ds845
22474,hs1817
22475,hs799
22476,hs2674
22477,ns697
22478,ns2760
22479,ns6176
22480,as8571
22481,ns4298
22482,ds1134
22483,as6228
22484,as5159
22485,as2768
22486,ns7800
22487,as6159
22488,ns267
22489,ds1079
22490,ds655
22491,as2271
22492,ns4114
22493,ns841
22494,ns289
22495,as4852
22496,as8379
22497,ds69
22498,ns2507
22499,as1031
22500,as5035
22501,as8561
22502,hs2944
22503,ns7745
22504,ns6124
22505,as6183
22506,ns3923
22507,ns112
22508,hs2557
22509,ns3931
22510,as8482
22511,hs888
22512,ds391
22513,ds121
22514,as4988
22515,as1056
22516,as1383
22517,hs2527
22518,as8014
22519,as3852
22520,as6171
22521,as8423
22522,ns6097
22523,hs238
22524,as5161
22525,as3177
22526,as4127
22527,ds1348
22528,as7800
22529,ds754
22530,as6797
22531,ns5085
22532,ns8183
22533,as777
22534,hs277
22535,ns5081
22536,as2634
22537,ns4075
22538,ds745
22539,ns3782
22540,ns579
22541,ds804
22542,as2274
22543,ds809
22544,as5642
22545,as8348
22546,ds814
22547,ns6607
22548,ns5614
22549,as7818
22550,as1699
22551,ns6565
22552,as2365
22553,as2337
22554,as6237
22555,as6651
22556,ns4339
22557,ns7511
22558,ns2401
22559,as6340
22560,ns394
22561,ns3362
22562,hs2670
22563,hs683
22564,hs2929
22565,as8451
22566,as2916
22567,ns5727
22568,ns4700
22569,ns8012
22570,hs1560
22571,hs143
22572,ns7287
22573,as8956
22574,ns8803
22575,hs282
22576,ns1828
22577,ns350
22578,hs2008
22579,hs2948
22580,as9282
22581,as5009
22582,as7227
22583,as4587
22584,ns3948
22585,hs1940
22586,ns7730
22587,ns485
22588,ns1671
22589,ns6909
22590,ns4673
22591,ds1400
22592,as2961
22593,ns8307
22594,ns7118
22595,as2753
22596,ns6342
22597,hs2914
22598,ns6062
22599,hs1498
22600,ns47
22601,as7276
22602,as8360
22603,ns6083
22604,as9242
22605,as5346
22606,as3798
22607,ns3404
22608,ns4161
22609,ns2748
22610,as8224
22611,ns7323
22612,hs139
22613,as4840
22614,hs1004
22615,ns7892
22616,as5803
22617,as7615
22618,as4742
22619,ns2403
22620,as76
22621,as4851
22622,as3398
22623,hs463
22624,as5169
22625,ds1262
22626,ns7375
22627,as8627
22628,as6231
22629,ds1006
22630,as1494
22631,as5276
22632,hs341
22633,as3364
22634,ns2268
22635,ds816
22636,ns4392
22637,as2608
22638,as7687
22639,ns3776
22640,ns1337
22641,ds895
22642,as1151
22643,as2598
22644,as4007
22645,as4044
22646,ds78
22647,as3046
22648,ds619
22649,as1482
22650,ns7022
22651,hs1280
22652,ds83
22653,as1011
22654,as1235
22655,ns4250
22656,ds44
22657,as118
22658,ns5277
22659,as1012
22660,as1841
22661,as7988
22662,ds402
22663,as4666
22664,as3274
22665,ns6295
22666,as4923
22667,as3428
22668,as7501
22669,as3113
22670,hs1172
22671,as3453
22672,as298
22673,as9388
22674,ns8782
22675,ns200
22676,as7493
22677,as7487
22678,ns367
22679,as6529
22680,ns64
22681,hs555
22682,hs717
22683,ns1490
22684,hs594
22685,as3739
22686,ns5086
22687,as6843
22688,as1720
22689,as6296
22690,ns8769
22691,as102
22692,ns164
22693,as1757
22694,ns8672
22695,as7041
22696,ns140
22697,ns491
22698,as6908
22699,as7021
22700,ns966
22701,as418
22702,as1149
22703,hs663
22704,as4900
22705,ds564
22706,as9484
22707,ns5960
22708,ns3207
22709,ns8410
22710,as5792
22711,ns368
22712,as1391
22713,as582
22714,as3359
22715,ns7941
22716,as4814
22717,as48
22718,ns7949
22719,ds889
22720,ns6247
22721,as7645
22722,as1514
22723,ns3286
22724,as287
22725,as339
22726,as5895
22727,as7569
22728,as754
22729,as1543
22730,ns4276
22731,ns7895
22732,as5919
22733,as5754
22734,as5102
22735,ns6038
22736,ns3879
22737,as8375
22738,ns4015
22739,ds136
22740,ns3019
22741,ns4051
22742,as1366
22743,ns2867
22744,as8308
22745,as8305
22746,as1415
22747,as5666
22748,as5024
22749,ns2767
22750,as270
22751,as7089
22752,ns3739
22753,ns3169
22754,as4954
22755,ns3733
22756,as2675
22757,as3040
22758,as9518
22759,ns4532
22760,ns7757
22761,as6025
22762,hs1281
22763,as1568
22764,as7394
22765,hs1375
22766,as1917
22767,as90
22768,as9252
22769,as911
22770,ns1789
22771,hs1287
22772,ns3491
22773,as5343
22774,as4552
22775,ns1867
22776,ns1957
22777,hs1261
22778,as7443
22779,hs1509
22780,hs1503
22781,hs1675
22782,ns7334
22783,as4606
22784,hs1458
22785,hs1513
22786,ds161
22787,as8016
22788,ns3748
22789,ns5532
22790,ns7119
22791,ns1142
22792,ns6425
22793,ds224
22794,ns1069
22795,ns1582
22796,ns4243
22797,ns2098
22798,ds158
22799,as8105
22800,hs605
22801,as7467
22802,as8222
22803,ns6414
22804,ds1246
22805,ns2922
22806,as450
22807,as654
22808,ns388
22809,as3131
22810,ds1164
22811,as8580
22812,hs959
22813,ns6856
22814,ns7719
22815,as1408
22816,as8365
22817,as5627
22818,as8334
22819,ns2876
22820,as2129
22821,ns7252
22822,as1586
22823,as2826
22824,as9652
22825,as5251
22826,ns5435
22827,as6742
22828,ns7501
22829,as7803
22830,hs2169
22831,hs2175
22832,as5284
22833,hs1397
22834,as8946
22835,ns5353
22836,as5422
22837,ns3657
22838,ns7321
22839,ns616
22840,ds880
22841,as9328
22842,ns3285
22843,ns2239
22844,ns1270
22845,ns5321
22846,as7324
22847,as6995
22848,ns4534
22849,hs602
22850,as7308
22851,as6263
22852,as6108
22853,ns433
22854,as4338
22855,hs1171
22856,as6903
22857,ns1267
22858,hs1246
22859,ns8524
22860,hs1315
22861,as3544
22862,ns5187
22863,ds132
22864,as623
22865,hs2214
22866,as3107
22867,as8932
22868,ns7714
22869,hs1831
22870,hs171
22871,hs704
22872,ns7978
22873,ns6480
22874,ns3757
22875,ns6186
22876,as4820
22877,as6446
22878,as4992
22879,ns787
22880,as1955
22881,as9190
22882,ns4073
22883,as8721
22884,ns6947
22885,as8765
22886,as2673
22887,as7214
22888,ns5703
22889,as5770
22890,ns8173
22891,hs1888
22892,as825
22893,as1249
22894,as4795
22895,hs2993
22896,ns3719
22897,as910
22898,ns313
22899,hs692
22900,as8958
22901,ns8007
22902,as2796
22903,ds1073
22904,as5333
22905,ns3423
22906,as9348
22907,as9413
22908,hs1793
22909,hs2467
22910,hs1264
22911,ns1188
22912,hs297
22913,ds180
22914,as5018
22915,hs2379
22916,ds789
22917,as2631
22918,ns1335
22919,as4784
22920,as2448
22921,as6857
22922,ns2868
22923,as7618
22924,ns4069
22925,ds381
22926,as3467
22927,as8373
22928,as7128
22929,ns1585
22930,ds1268
22931,as7174
22932,as6423
22933,as4247
22934,ns181
22935,ds590
22936,as7954
22937,ns1465
22938,ns2393
22939,as4350
22940,hs1564
22941,as1937
22942,as3507
22943,as5972
22944,hs2516
22945,ns8702
22946,hs634
22947,as5104
22948,as1983
22949,as849
22950,hs307
22951,as659
22952,ds163
22953,as8713
22954,ds1316
22955,as3211
22956,as6181
22957,as8115
22958,ns4688
22959,hs2197
22960,hs665
22961,ds1037
22962,ds1351
22963,ns6857
22964,ns7228
22965,ds339
22966,ns6615
22967,as168
22968,hs1180
22969,ds1264
22970,ns6689
22971,as8816
22972,ns7912
22973,ds1046
22974,as7257
22975,as7392
22976,hs2036
22977,ds40
22978,as2036
22979,as3248
22980,as2128
22981,ns7700
22982,as38
22983,ns8788
22984,as8244
22985,ns7909
22986,as167
22987,hs757
22988,ds994
22989,as9059
22990,as8885
22991,as8266
22992,ns6045
22993,as8336
22994,ns8250
22995,ds978
22996,as7617
22997,ns3618
